{
  "train_losses": [
    0.021851121592495977,
    0.022117096914684976,
    0.022544039349103796,
    0.02138014203579775,
    0.020898343043819326,
    0.020678922839077383,
    0.021842836819846053,
    0.020647838679624015,
    0.022235910986261122,
    0.020859595050971055,
    0.022385024401391375,
    0.02150139601194653,
    0.02235480147446024,
    0.022024304943223452,
    0.021012204185385127,
    0.021833177190274,
    0.021619806403358435,
    0.021596916389234107,
    0.021067111142750443,
    0.021698566619306803,
    0.02196101823436289,
    0.022403407103285707,
    0.021273290947208118,
    0.021859056589289987,
    0.021842380889273923,
    0.02185952446648273,
    0.022171864848070103,
    0.022282802788861866,
    0.021488441491563773,
    0.02142750357823639,
    0.021834039145374094,
    0.022196474998932462,
    0.022052892403484417,
    0.022908964965107113,
    0.022485957063477616,
    0.021366866562387038,
    0.021754705459521764,
    0.021707276604941178,
    0.02130101152278226,
    0.021436237906715994
  ],
  "val_losses": [
    0.021253461883004223,
    0.022668357073728527,
    0.020586014060037478,
    0.020934648612248048,
    0.021706235195909227,
    0.020634247921407223,
    0.02050198528117367,
    0.022275838734848157,
    0.020073740809623684,
    0.022786100128931657,
    0.02065436222723552,
    0.021670379409832612,
    0.02118987949298961,
    0.020702286091234003,
    0.021365853159555366,
    0.021065792068839073,
    0.019714021123945713,
    0.022028952970036438,
    0.020897730253636837,
    0.022621805114405497,
    0.02038135446075882,
    0.019461441319435835,
    0.020501292177609036,
    0.021946411380278214,
    0.021228415558912923,
    0.020530498919210265,
    0.02054104588127562,
    0.021110361708062037,
    0.020399891704853092,
    0.02062037879867213,
    0.02264539717829653,
    0.021517315480325903,
    0.020632908546498845,
    0.022390001453459263,
    0.019909123357917582,
    0.02142009338630097,
    0.01983672347185867,
    0.02203681712437953,
    0.0224251551553607,
    0.020593634540481225
  ]
}